{"assets/export.png":["assets/export.png"],"assets/generate.png":["assets/generate.png"],"assets/input.png":["assets/input.png"],"assets/jumoki_coloured_transparent_bg.png":["assets/jumoki_coloured_transparent_bg.png"],"assets/jumoki_white_transparent_bg.png":["assets/jumoki_white_transparent_bg.png"],"assets/logo.png":["assets/logo.png"],"assets/process.png":["assets/process.png"],"assets/websler-logo-robot-grey.png":["assets/websler-logo-robot-grey.png"],"assets/websler-logo-robot.png":["assets/websler-logo-robot.png"],"assets/websler-logo_new.png":["assets/websler-logo_new.png"],"assets/websler-logo_new_white.png":["assets/websler-logo_new_white.png"],"packages/cupertino_icons/assets/CupertinoIcons.ttf":["packages/cupertino_icons/assets/CupertinoIcons.ttf"]}